match_id,season,start_date,venue,innings,ball,batting_team,bowling_team,striker,non_striker,bowler,runs_off_bat,extras,wides,noballs,byes,legbyes,penalty,wicket_type,player_dismissed,other_wicket_type,other_player_dismissed
64862,2003/04,2004-01-25,Newlands,1,0.1,South Africa,West Indies,GC Smith,HH Gibbs,M Dillon,0,0,,,,,,,,,
64862,2003/04,2004-01-25,Newlands,1,0.2,South Africa,West Indies,GC Smith,HH Gibbs,M Dillon,0,0,,,,,,,,,
64862,2003/04,2004-01-25,Newlands,1,0.3,South Africa,West Indies,GC Smith,HH Gibbs,M Dillon,0,0,,,,,,,,,
64862,2003/04,2004-01-25,Newlands,1,0.4,South Africa,West Indies,GC Smith,HH Gibbs,M Dillon,0,0,,,,,,,,,
64862,2003/04,2004-01-25,Newlands,1,0.5,South Africa,West Indies,GC Smith,HH Gibbs,M Dillon,0,0,,,,,,,,,
64862,2003/04,2004-01-25,Newlands,1,0.6,South Africa,West Indies,GC Smith,HH Gibbs,M Dillon,4,0,,,,,,,,,
64862,2003/04,2004-01-25,Newlands,1,1.1,South Africa,West Indies,HH Gibbs,GC Smith,CD Collymore,0,0,,,,,,,,,
64862,2003/04,2004-01-25,Newlands,1,1.2,South Africa,West Indies,HH Gibbs,GC Smith,CD Collymore,0,0,,,,,,,,,
64862,2003/04,2004-01-25,Newlands,1,1.3,South Africa,West Indies,HH Gibbs,GC Smith,CD Collymore,4,0,,,,,,,,,
64862,2003/04,2004-01-25,Newlands,1,1.4,South Africa,West Indies,HH Gibbs,GC Smith,CD Collymore,0,0,,,,,,,,,
64862,2003/04,2004-01-25,Newlands,1,1.5,South Africa,West Indies,HH Gibbs,GC Smith,CD Collymore,0,0,,,,,,,,,
64862,2003/04,2004-01-25,Newlands,1,1.6,South Africa,West Indies,HH Gibbs,GC Smith,CD Collymore,0,0,,,,,,,,,
64862,2003/04,2004-01-25,Newlands,1,2.1,South Africa,West Indies,GC Smith,HH Gibbs,M Dillon,0,0,,,,,,,,,
64862,2003/04,2004-01-25,Newlands,1,2.2,South Africa,West Indies,GC Smith,HH Gibbs,M Dillon,0,0,,,,,,,,,
64862,2003/04,2004-01-25,Newlands,1,2.3,South Africa,West Indies,GC Smith,HH Gibbs,M Dillon,0,0,,,,,,,,,
64862,2003/04,2004-01-25,Newlands,1,2.4,South Africa,West Indies,GC Smith,HH Gibbs,M Dillon,0,0,,,,,,,,,
64862,2003/04,2004-01-25,Newlands,1,2.5,South Africa,West Indies,GC Smith,HH Gibbs,M Dillon,0,0,,,,,,,,,
64862,2003/04,2004-01-25,Newlands,1,2.6,South Africa,West Indies,GC Smith,HH Gibbs,M Dillon,0,0,,,,,,,,,
64862,2003/04,2004-01-25,Newlands,1,3.1,South Africa,West Indies,HH Gibbs,GC Smith,CD Collymore,0,0,,,,,,,,,
64862,2003/04,2004-01-25,Newlands,1,3.2,South Africa,West Indies,HH Gibbs,GC Smith,CD Collymore,0,0,,,,,,,,,
64862,2003/04,2004-01-25,Newlands,1,3.3,South Africa,West Indies,HH Gibbs,GC Smith,CD Collymore,0,0,,,,,,,,,
64862,2003/04,2004-01-25,Newlands,1,3.4,South Africa,West Indies,HH Gibbs,GC Smith,CD Collymore,0,0,,,,,,,,,
64862,2003/04,2004-01-25,Newlands,1,3.5,South Africa,West Indies,HH Gibbs,GC Smith,CD Collymore,1,0,,,,,,,,,
64862,2003/04,2004-01-25,Newlands,1,3.6,South Africa,West Indies,GC Smith,HH Gibbs,CD Collymore,0,0,,,,,,,,,
64862,2003/04,2004-01-25,Newlands,1,4.1,South Africa,West Indies,HH Gibbs,GC Smith,M Dillon,0,0,,,,,,,,,
64862,2003/04,2004-01-25,Newlands,1,4.2,South Africa,West Indies,HH Gibbs,GC Smith,M Dillon,0,0,,,,,,,,,
64862,2003/04,2004-01-25,Newlands,1,4.3,South Africa,West Indies,HH Gibbs,GC Smith,M Dillon,1,0,,,,,,,,,
64862,2003/04,2004-01-25,Newlands,1,4.4,South Africa,West Indies,GC Smith,HH Gibbs,M Dillon,0,0,,,,,,,,,
64862,2003/04,2004-01-25,Newlands,1,4.5,South Africa,West Indies,GC Smith,HH Gibbs,M Dillon,0,0,,,,,,,,,
64862,2003/04,2004-01-25,Newlands,1,4.6,South Africa,West Indies,GC Smith,HH Gibbs,M Dillon,0,0,,,,,,,,,
64862,2003/04,2004-01-25,Newlands,1,5.1,South Africa,West Indies,HH Gibbs,GC Smith,CD Collymore,0,0,,,,,,,,,
64862,2003/04,2004-01-25,Newlands,1,5.2,South Africa,West Indies,HH Gibbs,GC Smith,CD Collymore,0,0,,,,,,,,,
64862,2003/04,2004-01-25,Newlands,1,5.3,South Africa,West Indies,HH Gibbs,GC Smith,CD Collymore,0,0,,,,,,,,,
64862,2003/04,2004-01-25,Newlands,1,5.4,South Africa,West Indies,HH Gibbs,GC Smith,CD Collymore,0,0,,,,,,,,,
64862,2003/04,2004-01-25,Newlands,1,5.5,South Africa,West Indies,HH Gibbs,GC Smith,CD Collymore,0,0,,,,,,,,,
64862,2003/04,2004-01-25,Newlands,1,5.6,South Africa,West Indies,HH Gibbs,GC Smith,CD Collymore,0,0,,,,,,,,,
64862,2003/04,2004-01-25,Newlands,1,6.1,South Africa,West Indies,GC Smith,HH Gibbs,M Dillon,0,0,,,,,,,,,
64862,2003/04,2004-01-25,Newlands,1,6.2,South Africa,West Indies,GC Smith,HH Gibbs,M Dillon,4,0,,,,,,,,,
64862,2003/04,2004-01-25,Newlands,1,6.3,South Africa,West Indies,GC Smith,HH Gibbs,M Dillon,1,0,,,,,,,,,
64862,2003/04,2004-01-25,Newlands,1,6.4,South Africa,West Indies,HH Gibbs,GC Smith,M Dillon,0,0,,,,,,,,,
64862,2003/04,2004-01-25,Newlands,1,6.5,South Africa,West Indies,HH Gibbs,GC Smith,M Dillon,0,0,,,,,,,,,
64862,2003/04,2004-01-25,Newlands,1,6.6,South Africa,West Indies,HH Gibbs,GC Smith,M Dillon,0,0,,,,,,,,,
64862,2003/04,2004-01-25,Newlands,1,7.1,South Africa,West Indies,GC Smith,HH Gibbs,CD Collymore,0,0,,,,,,,,,
64862,2003/04,2004-01-25,Newlands,1,7.2,South Africa,West Indies,GC Smith,HH Gibbs,CD Collymore,1,0,,,,,,,,,
64862,2003/04,2004-01-25,Newlands,1,7.3,South Africa,West Indies,HH Gibbs,GC Smith,CD Collymore,1,0,,,,,,,,,
64862,2003/04,2004-01-25,Newlands,1,7.4,South Africa,West Indies,GC Smith,HH Gibbs,CD Collymore,0,0,,,,,,,,,
64862,2003/04,2004-01-25,Newlands,1,7.5,South Africa,West Indies,GC Smith,HH Gibbs,CD Collymore,0,0,,,,,,,,,
64862,2003/04,2004-01-25,Newlands,1,7.6,South Africa,West Indies,GC Smith,HH Gibbs,CD Collymore,2,0,,,,,,,,,
64862,2003/04,2004-01-25,Newlands,1,8.1,South Africa,West Indies,HH Gibbs,GC Smith,M Dillon,3,0,,,,,,,,,
64862,2003/04,2004-01-25,Newlands,1,8.2,South Africa,West Indies,GC Smith,HH Gibbs,M Dillon,2,0,,,,,,,,,
64862,2003/04,2004-01-25,Newlands,1,8.3,South Africa,West Indies,GC Smith,HH Gibbs,M Dillon,4,0,,,,,,,,,
64862,2003/04,2004-01-25,Newlands,1,8.4,South Africa,West Indies,GC Smith,HH Gibbs,M Dillon,0,0,,,,,,,,,
64862,2003/04,2004-01-25,Newlands,1,8.5,South Africa,West Indies,GC Smith,HH Gibbs,M Dillon,0,0,,,,,,,,,
64862,2003/04,2004-01-25,Newlands,1,8.6,South Africa,West Indies,GC Smith,HH Gibbs,M Dillon,4,0,,,,,,,,,
64862,2003/04,2004-01-25,Newlands,1,9.1,South Africa,West Indies,HH Gibbs,GC Smith,CD Collymore,0,0,,,,,,bowled,HH Gibbs,,
64862,2003/04,2004-01-25,Newlands,1,9.2,South Africa,West Indies,RJ Peterson,GC Smith,CD Collymore,0,0,,,,,,,,,
64862,2003/04,2004-01-25,Newlands,1,9.3,South Africa,West Indies,RJ Peterson,GC Smith,CD Collymore,0,0,,,,,,,,,
64862,2003/04,2004-01-25,Newlands,1,9.4,South Africa,West Indies,RJ Peterson,GC Smith,CD Collymore,1,0,,,,,,,,,
64862,2003/04,2004-01-25,Newlands,1,9.5,South Africa,West Indies,GC Smith,RJ Peterson,CD Collymore,1,0,,,,,,,,,
64862,2003/04,2004-01-25,Newlands,1,9.6,South Africa,West Indies,RJ Peterson,GC Smith,CD Collymore,4,0,,,,,,,,,
64862,2003/04,2004-01-25,Newlands,1,10.1,South Africa,West Indies,GC Smith,RJ Peterson,CH Gayle,0,0,,,,,,,,,
64862,2003/04,2004-01-25,Newlands,1,10.2,South Africa,West Indies,GC Smith,RJ Peterson,CH Gayle,0,1,,,,1,,,,,
64862,2003/04,2004-01-25,Newlands,1,10.3,South Africa,West Indies,RJ Peterson,GC Smith,CH Gayle,0,0,,,,,,,,,
64862,2003/04,2004-01-25,Newlands,1,10.4,South Africa,West Indies,RJ Peterson,GC Smith,CH Gayle,0,0,,,,,,,,,
64862,2003/04,2004-01-25,Newlands,1,10.5,South Africa,West Indies,RJ Peterson,GC Smith,CH Gayle,2,0,,,,,,,,,
64862,2003/04,2004-01-25,Newlands,1,10.6,South Africa,West Indies,RJ Peterson,GC Smith,CH Gayle,1,0,,,,,,,,,
64862,2003/04,2004-01-25,Newlands,1,11.1,South Africa,West Indies,RJ Peterson,GC Smith,CD Collymore,1,0,,,,,,,,,
64862,2003/04,2004-01-25,Newlands,1,11.2,South Africa,West Indies,GC Smith,RJ Peterson,CD Collymore,4,0,,,,,,,,,
64862,2003/04,2004-01-25,Newlands,1,11.3,South Africa,West Indies,GC Smith,RJ Peterson,CD Collymore,1,0,,,,,,,,,
64862,2003/04,2004-01-25,Newlands,1,11.4,South Africa,West Indies,RJ Peterson,GC Smith,CD Collymore,0,0,,,,,,,,,
64862,2003/04,2004-01-25,Newlands,1,11.5,South Africa,West Indies,RJ Peterson,GC Smith,CD Collymore,0,0,,,,,,,,,
64862,2003/04,2004-01-25,Newlands,1,11.6,South Africa,West Indies,RJ Peterson,GC Smith,CD Collymore,0,0,,,,,,,,,
64862,2003/04,2004-01-25,Newlands,1,12.1,South Africa,West Indies,GC Smith,RJ Peterson,CH Gayle,1,0,,,,,,,,,
64862,2003/04,2004-01-25,Newlands,1,12.2,South Africa,West Indies,RJ Peterson,GC Smith,CH Gayle,0,0,,,,,,,,,
64862,2003/04,2004-01-25,Newlands,1,12.3,South Africa,West Indies,RJ Peterson,GC Smith,CH Gayle,6,0,,,,,,,,,
64862,2003/04,2004-01-25,Newlands,1,12.4,South Africa,West Indies,RJ Peterson,GC Smith,CH Gayle,0,1,,1,,,,,,,
64862,2003/04,2004-01-25,Newlands,1,12.5,South Africa,West Indies,RJ Peterson,GC Smith,CH Gayle,0,0,,,,,,,,,
64862,2003/04,2004-01-25,Newlands,1,12.6,South Africa,West Indies,RJ Peterson,GC Smith,CH Gayle,1,1,,1,,,,,,,
64862,2003/04,2004-01-25,Newlands,1,12.7,South Africa,West Indies,GC Smith,RJ Peterson,CH Gayle,0,0,,,,,,,,,
64862,2003/04,2004-01-25,Newlands,1,12.8,South Africa,West Indies,GC Smith,RJ Peterson,CH Gayle,0,0,,,,,,,,,
64862,2003/04,2004-01-25,Newlands,1,13.1,South Africa,West Indies,RJ Peterson,GC Smith,RO Hurley,0,0,,,,,,,,,
64862,2003/04,2004-01-25,Newlands,1,13.2,South Africa,West Indies,RJ Peterson,GC Smith,RO Hurley,0,0,,,,,,,,,
64862,2003/04,2004-01-25,Newlands,1,13.3,South Africa,West Indies,RJ Peterson,GC Smith,RO Hurley,2,0,,,,,,,,,
64862,2003/04,2004-01-25,Newlands,1,13.4,South Africa,West Indies,RJ Peterson,GC Smith,RO Hurley,0,0,,,,,,,,,
64862,2003/04,2004-01-25,Newlands,1,13.5,South Africa,West Indies,RJ Peterson,GC Smith,RO Hurley,0,0,,,,,,,,,
64862,2003/04,2004-01-25,Newlands,1,13.6,South Africa,West Indies,RJ Peterson,GC Smith,RO Hurley,1,0,,,,,,,,,
64862,2003/04,2004-01-25,Newlands,1,14.1,South Africa,West Indies,RJ Peterson,GC Smith,M Dillon,0,0,,,,,,,,,
64862,2003/04,2004-01-25,Newlands,1,14.2,South Africa,West Indies,RJ Peterson,GC Smith,M Dillon,1,0,,,,,,,,,
64862,2003/04,2004-01-25,Newlands,1,14.3,South Africa,West Indies,GC Smith,RJ Peterson,M Dillon,1,0,,,,,,,,,
64862,2003/04,2004-01-25,Newlands,1,14.4,South Africa,West Indies,RJ Peterson,GC Smith,M Dillon,0,0,,,,,,,,,
64862,2003/04,2004-01-25,Newlands,1,14.5,South Africa,West Indies,RJ Peterson,GC Smith,M Dillon,0,0,,,,,,,,,
64862,2003/04,2004-01-25,Newlands,1,14.6,South Africa,West Indies,RJ Peterson,GC Smith,M Dillon,1,0,,,,,,,,,
64862,2003/04,2004-01-25,Newlands,1,15.1,South Africa,West Indies,RJ Peterson,GC Smith,RO Hurley,0,0,,,,,,,,,
64862,2003/04,2004-01-25,Newlands,1,15.2,South Africa,West Indies,RJ Peterson,GC Smith,RO Hurley,0,0,,,,,,run out,RJ Peterson,,
64862,2003/04,2004-01-25,Newlands,1,15.3,South Africa,West Indies,GC Smith,JH Kallis,RO Hurley,0,0,,,,,,,,,
64862,2003/04,2004-01-25,Newlands,1,15.4,South Africa,West Indies,GC Smith,JH Kallis,RO Hurley,0,0,,,,,,,,,
64862,2003/04,2004-01-25,Newlands,1,15.5,South Africa,West Indies,GC Smith,JH Kallis,RO Hurley,0,0,,,,,,,,,
64862,2003/04,2004-01-25,Newlands,1,15.6,South Africa,West Indies,GC Smith,JH Kallis,RO Hurley,0,0,,,,,,,,,
64862,2003/04,2004-01-25,Newlands,1,16.1,South Africa,West Indies,JH Kallis,GC Smith,M Dillon,0,0,,,,,,,,,
64862,2003/04,2004-01-25,Newlands,1,16.2,South Africa,West Indies,JH Kallis,GC Smith,M Dillon,0,0,,,,,,,,,
64862,2003/04,2004-01-25,Newlands,1,16.3,South Africa,West Indies,JH Kallis,GC Smith,M Dillon,0,0,,,,,,,,,
64862,2003/04,2004-01-25,Newlands,1,16.4,South Africa,West Indies,JH Kallis,GC Smith,M Dillon,0,0,,,,,,,,,
64862,2003/04,2004-01-25,Newlands,1,16.5,South Africa,West Indies,JH Kallis,GC Smith,M Dillon,0,0,,,,,,,,,
64862,2003/04,2004-01-25,Newlands,1,16.6,South Africa,West Indies,JH Kallis,GC Smith,M Dillon,0,0,,,,,,,,,
64862,2003/04,2004-01-25,Newlands,1,17.1,South Africa,West Indies,GC Smith,JH Kallis,RO Hurley,4,0,,,,,,,,,
64862,2003/04,2004-01-25,Newlands,1,17.2,South Africa,West Indies,GC Smith,JH Kallis,RO Hurley,0,0,,,,,,,,,
64862,2003/04,2004-01-25,Newlands,1,17.3,South Africa,West Indies,GC Smith,JH Kallis,RO Hurley,0,0,,,,,,,,,
64862,2003/04,2004-01-25,Newlands,1,17.4,South Africa,West Indies,GC Smith,JH Kallis,RO Hurley,0,0,,,,,,,,,
64862,2003/04,2004-01-25,Newlands,1,17.5,South Africa,West Indies,GC Smith,JH Kallis,RO Hurley,2,0,,,,,,,,,
64862,2003/04,2004-01-25,Newlands,1,17.6,South Africa,West Indies,GC Smith,JH Kallis,RO Hurley,0,0,,,,,,,,,
64862,2003/04,2004-01-25,Newlands,1,18.1,South Africa,West Indies,JH Kallis,GC Smith,VC Drakes,0,0,,,,,,,,,
64862,2003/04,2004-01-25,Newlands,1,18.2,South Africa,West Indies,JH Kallis,GC Smith,VC Drakes,0,0,,,,,,,,,
64862,2003/04,2004-01-25,Newlands,1,18.3,South Africa,West Indies,JH Kallis,GC Smith,VC Drakes,0,0,,,,,,,,,
64862,2003/04,2004-01-25,Newlands,1,18.4,South Africa,West Indies,JH Kallis,GC Smith,VC Drakes,0,0,,,,,,,,,
64862,2003/04,2004-01-25,Newlands,1,18.5,South Africa,West Indies,JH Kallis,GC Smith,VC Drakes,1,0,,,,,,,,,
64862,2003/04,2004-01-25,Newlands,1,18.6,South Africa,West Indies,GC Smith,JH Kallis,VC Drakes,0,0,,,,,,,,,
64862,2003/04,2004-01-25,Newlands,1,19.1,South Africa,West Indies,JH Kallis,GC Smith,RO Hurley,1,0,,,,,,,,,
64862,2003/04,2004-01-25,Newlands,1,19.2,South Africa,West Indies,GC Smith,JH Kallis,RO Hurley,0,0,,,,,,,,,
64862,2003/04,2004-01-25,Newlands,1,19.3,South Africa,West Indies,GC Smith,JH Kallis,RO Hurley,0,0,,,,,,,,,
64862,2003/04,2004-01-25,Newlands,1,19.4,South Africa,West Indies,GC Smith,JH Kallis,RO Hurley,1,0,,,,,,,,,
64862,2003/04,2004-01-25,Newlands,1,19.5,South Africa,West Indies,JH Kallis,GC Smith,RO Hurley,0,0,,,,,,,,,
64862,2003/04,2004-01-25,Newlands,1,19.6,South Africa,West Indies,JH Kallis,GC Smith,RO Hurley,1,0,,,,,,,,,
64862,2003/04,2004-01-25,Newlands,1,20.1,South Africa,West Indies,JH Kallis,GC Smith,VC Drakes,0,0,,,,,,,,,
64862,2003/04,2004-01-25,Newlands,1,20.2,South Africa,West Indies,JH Kallis,GC Smith,VC Drakes,1,0,,,,,,,,,
64862,2003/04,2004-01-25,Newlands,1,20.3,South Africa,West Indies,GC Smith,JH Kallis,VC Drakes,2,0,,,,,,,,,
64862,2003/04,2004-01-25,Newlands,1,20.4,South Africa,West Indies,GC Smith,JH Kallis,VC Drakes,2,0,,,,,,,,,
64862,2003/04,2004-01-25,Newlands,1,20.5,South Africa,West Indies,GC Smith,JH Kallis,VC Drakes,0,0,,,,,,,,,
64862,2003/04,2004-01-25,Newlands,1,20.6,South Africa,West Indies,GC Smith,JH Kallis,VC Drakes,1,0,,,,,,,,,
64862,2003/04,2004-01-25,Newlands,1,21.1,South Africa,West Indies,GC Smith,JH Kallis,RO Hurley,1,0,,,,,,,,,
64862,2003/04,2004-01-25,Newlands,1,21.2,South Africa,West Indies,JH Kallis,GC Smith,RO Hurley,1,0,,,,,,,,,
64862,2003/04,2004-01-25,Newlands,1,21.3,South Africa,West Indies,GC Smith,JH Kallis,RO Hurley,0,0,,,,,,,,,
64862,2003/04,2004-01-25,Newlands,1,21.4,South Africa,West Indies,GC Smith,JH Kallis,RO Hurley,1,0,,,,,,,,,
64862,2003/04,2004-01-25,Newlands,1,21.5,South Africa,West Indies,JH Kallis,GC Smith,RO Hurley,1,0,,,,,,,,,
64862,2003/04,2004-01-25,Newlands,1,21.6,South Africa,West Indies,GC Smith,JH Kallis,RO Hurley,1,0,,,,,,,,,
64862,2003/04,2004-01-25,Newlands,1,22.1,South Africa,West Indies,GC Smith,JH Kallis,VC Drakes,1,0,,,,,,,,,
64862,2003/04,2004-01-25,Newlands,1,22.2,South Africa,West Indies,JH Kallis,GC Smith,VC Drakes,2,0,,,,,,,,,
64862,2003/04,2004-01-25,Newlands,1,22.3,South Africa,West Indies,JH Kallis,GC Smith,VC Drakes,1,0,,,,,,,,,
64862,2003/04,2004-01-25,Newlands,1,22.4,South Africa,West Indies,GC Smith,JH Kallis,VC Drakes,0,0,,,,,,,,,
64862,2003/04,2004-01-25,Newlands,1,22.5,South Africa,West Indies,GC Smith,JH Kallis,VC Drakes,0,0,,,,,,,,,
64862,2003/04,2004-01-25,Newlands,1,22.6,South Africa,West Indies,GC Smith,JH Kallis,VC Drakes,1,0,,,,,,,,,
64862,2003/04,2004-01-25,Newlands,1,23.1,South Africa,West Indies,GC Smith,JH Kallis,RO Hurley,1,0,,,,,,,,,
64862,2003/04,2004-01-25,Newlands,1,23.2,South Africa,West Indies,JH Kallis,GC Smith,RO Hurley,0,0,,,,,,,,,
64862,2003/04,2004-01-25,Newlands,1,23.3,South Africa,West Indies,JH Kallis,GC Smith,RO Hurley,0,0,,,,,,,,,
64862,2003/04,2004-01-25,Newlands,1,23.4,South Africa,West Indies,JH Kallis,GC Smith,RO Hurley,2,0,,,,,,,,,
64862,2003/04,2004-01-25,Newlands,1,23.5,South Africa,West Indies,JH Kallis,GC Smith,RO Hurley,1,0,,,,,,,,,
64862,2003/04,2004-01-25,Newlands,1,23.6,South Africa,West Indies,GC Smith,JH Kallis,RO Hurley,1,0,,,,,,,,,
64862,2003/04,2004-01-25,Newlands,1,24.1,South Africa,West Indies,GC Smith,JH Kallis,VC Drakes,0,0,,,,,,,,,
64862,2003/04,2004-01-25,Newlands,1,24.2,South Africa,West Indies,GC Smith,JH Kallis,VC Drakes,2,0,,,,,,,,,
64862,2003/04,2004-01-25,Newlands,1,24.3,South Africa,West Indies,GC Smith,JH Kallis,VC Drakes,0,0,,,,,,,,,
64862,2003/04,2004-01-25,Newlands,1,24.4,South Africa,West Indies,GC Smith,JH Kallis,VC Drakes,1,0,,,,,,,,,
64862,2003/04,2004-01-25,Newlands,1,24.5,South Africa,West Indies,JH Kallis,GC Smith,VC Drakes,1,0,,,,,,,,,
64862,2003/04,2004-01-25,Newlands,1,24.6,South Africa,West Indies,GC Smith,JH Kallis,VC Drakes,1,0,,,,,,,,,
64862,2003/04,2004-01-25,Newlands,1,25.1,South Africa,West Indies,GC Smith,JH Kallis,RO Hurley,0,0,,,,,,,,,
64862,2003/04,2004-01-25,Newlands,1,25.2,South Africa,West Indies,GC Smith,JH Kallis,RO Hurley,0,0,,,,,,,,,
64862,2003/04,2004-01-25,Newlands,1,25.3,South Africa,West Indies,GC Smith,JH Kallis,RO Hurley,0,0,,,,,,bowled,GC Smith,,
64862,2003/04,2004-01-25,Newlands,1,25.4,South Africa,West Indies,HH Dippenaar,JH Kallis,RO Hurley,0,0,,,,,,,,,
64862,2003/04,2004-01-25,Newlands,1,25.5,South Africa,West Indies,HH Dippenaar,JH Kallis,RO Hurley,1,0,,,,,,,,,
64862,2003/04,2004-01-25,Newlands,1,25.6,South Africa,West Indies,JH Kallis,HH Dippenaar,RO Hurley,0,0,,,,,,,,,
64862,2003/04,2004-01-25,Newlands,1,26.1,South Africa,West Indies,HH Dippenaar,JH Kallis,VC Drakes,0,0,,,,,,,,,
64862,2003/04,2004-01-25,Newlands,1,26.2,South Africa,West Indies,HH Dippenaar,JH Kallis,VC Drakes,0,0,,,,,,caught,HH Dippenaar,,
64862,2003/04,2004-01-25,Newlands,1,26.3,South Africa,West Indies,JH Kallis,JA Rudolph,VC Drakes,0,0,,,,,,,,,
64862,2003/04,2004-01-25,Newlands,1,26.4,South Africa,West Indies,JH Kallis,JA Rudolph,VC Drakes,0,0,,,,,,,,,
64862,2003/04,2004-01-25,Newlands,1,26.5,South Africa,West Indies,JH Kallis,JA Rudolph,VC Drakes,0,0,,,,,,,,,
64862,2003/04,2004-01-25,Newlands,1,26.6,South Africa,West Indies,JH Kallis,JA Rudolph,VC Drakes,0,0,,,,,,,,,
64862,2003/04,2004-01-25,Newlands,1,27.1,South Africa,West Indies,JA Rudolph,JH Kallis,RO Hurley,0,0,,,,,,,,,
64862,2003/04,2004-01-25,Newlands,1,27.2,South Africa,West Indies,JA Rudolph,JH Kallis,RO Hurley,0,0,,,,,,,,,
64862,2003/04,2004-01-25,Newlands,1,27.3,South Africa,West Indies,JA Rudolph,JH Kallis,RO Hurley,0,0,,,,,,,,,
64862,2003/04,2004-01-25,Newlands,1,27.4,South Africa,West Indies,JA Rudolph,JH Kallis,RO Hurley,0,0,,,,,,,,,
64862,2003/04,2004-01-25,Newlands,1,27.5,South Africa,West Indies,JA Rudolph,JH Kallis,RO Hurley,1,0,,,,,,,,,
64862,2003/04,2004-01-25,Newlands,1,27.6,South Africa,West Indies,JH Kallis,JA Rudolph,RO Hurley,1,0,,,,,,,,,
64862,2003/04,2004-01-25,Newlands,1,28.1,South Africa,West Indies,JH Kallis,JA Rudolph,VC Drakes,1,0,,,,,,,,,
64862,2003/04,2004-01-25,Newlands,1,28.2,South Africa,West Indies,JA Rudolph,JH Kallis,VC Drakes,2,0,,,,,,,,,
64862,2003/04,2004-01-25,Newlands,1,28.3,South Africa,West Indies,JA Rudolph,JH Kallis,VC Drakes,0,0,,,,,,,,,
64862,2003/04,2004-01-25,Newlands,1,28.4,South Africa,West Indies,JA Rudolph,JH Kallis,VC Drakes,0,0,,,,,,,,,
64862,2003/04,2004-01-25,Newlands,1,28.5,South Africa,West Indies,JA Rudolph,JH Kallis,VC Drakes,0,0,,,,,,,,,
64862,2003/04,2004-01-25,Newlands,1,28.6,South Africa,West Indies,JA Rudolph,JH Kallis,VC Drakes,1,0,,,,,,,,,
64862,2003/04,2004-01-25,Newlands,1,29.1,South Africa,West Indies,JA Rudolph,JH Kallis,CD Collymore,0,0,,,,,,,,,
64862,2003/04,2004-01-25,Newlands,1,29.2,South Africa,West Indies,JA Rudolph,JH Kallis,CD Collymore,0,0,,,,,,,,,
64862,2003/04,2004-01-25,Newlands,1,29.3,South Africa,West Indies,JA Rudolph,JH Kallis,CD Collymore,0,0,,,,,,,,,
64862,2003/04,2004-01-25,Newlands,1,29.4,South Africa,West Indies,JA Rudolph,JH Kallis,CD Collymore,1,0,,,,,,,,,
64862,2003/04,2004-01-25,Newlands,1,29.5,South Africa,West Indies,JH Kallis,JA Rudolph,CD Collymore,2,0,,,,,,,,,
64862,2003/04,2004-01-25,Newlands,1,29.6,South Africa,West Indies,JH Kallis,JA Rudolph,CD Collymore,0,0,,,,,,,,,
64862,2003/04,2004-01-25,Newlands,1,30.1,South Africa,West Indies,JA Rudolph,JH Kallis,CH Gayle,1,0,,,,,,,,,
64862,2003/04,2004-01-25,Newlands,1,30.2,South Africa,West Indies,JH Kallis,JA Rudolph,CH Gayle,0,0,,,,,,,,,
64862,2003/04,2004-01-25,Newlands,1,30.3,South Africa,West Indies,JH Kallis,JA Rudolph,CH Gayle,1,0,,,,,,,,,
64862,2003/04,2004-01-25,Newlands,1,30.4,South Africa,West Indies,JA Rudolph,JH Kallis,CH Gayle,0,0,,,,,,,,,
64862,2003/04,2004-01-25,Newlands,1,30.5,South Africa,West Indies,JA Rudolph,JH Kallis,CH Gayle,0,0,,,,,,,,,
64862,2003/04,2004-01-25,Newlands,1,30.6,South Africa,West Indies,JA Rudolph,JH Kallis,CH Gayle,1,0,,,,,,,,,
64862,2003/04,2004-01-25,Newlands,1,31.1,South Africa,West Indies,JA Rudolph,JH Kallis,CD Collymore,1,0,,,,,,,,,
64862,2003/04,2004-01-25,Newlands,1,31.2,South Africa,West Indies,JH Kallis,JA Rudolph,CD Collymore,0,0,,,,,,,,,
64862,2003/04,2004-01-25,Newlands,1,31.3,South Africa,West Indies,JH Kallis,JA Rudolph,CD Collymore,1,0,,,,,,,,,
64862,2003/04,2004-01-25,Newlands,1,31.4,South Africa,West Indies,JA Rudolph,JH Kallis,CD Collymore,1,0,,,,,,,,,
64862,2003/04,2004-01-25,Newlands,1,31.5,South Africa,West Indies,JH Kallis,JA Rudolph,CD Collymore,0,0,,,,,,,,,
64862,2003/04,2004-01-25,Newlands,1,31.6,South Africa,West Indies,JH Kallis,JA Rudolph,CD Collymore,0,1,,,,1,,,,,
64862,2003/04,2004-01-25,Newlands,1,32.1,South Africa,West Indies,JH Kallis,JA Rudolph,CH Gayle,1,0,,,,,,,,,
64862,2003/04,2004-01-25,Newlands,1,32.2,South Africa,West Indies,JA Rudolph,JH Kallis,CH Gayle,1,0,,,,,,,,,
64862,2003/04,2004-01-25,Newlands,1,32.3,South Africa,West Indies,JH Kallis,JA Rudolph,CH Gayle,2,0,,,,,,,,,
64862,2003/04,2004-01-25,Newlands,1,32.4,South Africa,West Indies,JH Kallis,JA Rudolph,CH Gayle,0,0,,,,,,,,,
64862,2003/04,2004-01-25,Newlands,1,32.5,South Africa,West Indies,JH Kallis,JA Rudolph,CH Gayle,1,0,,,,,,,,,
64862,2003/04,2004-01-25,Newlands,1,32.6,South Africa,West Indies,JA Rudolph,JH Kallis,CH Gayle,0,0,,,,,,,,,
64862,2003/04,2004-01-25,Newlands,1,33.1,South Africa,West Indies,JH Kallis,JA Rudolph,RL Powell,0,0,,,,,,,,,
64862,2003/04,2004-01-25,Newlands,1,33.2,South Africa,West Indies,JH Kallis,JA Rudolph,RL Powell,1,0,,,,,,,,,
64862,2003/04,2004-01-25,Newlands,1,33.3,South Africa,West Indies,JA Rudolph,JH Kallis,RL Powell,2,0,,,,,,,,,
64862,2003/04,2004-01-25,Newlands,1,33.4,South Africa,West Indies,JA Rudolph,JH Kallis,RL Powell,0,0,,,,,,,,,
64862,2003/04,2004-01-25,Newlands,1,33.5,South Africa,West Indies,JA Rudolph,JH Kallis,RL Powell,0,0,,,,,,,,,
64862,2003/04,2004-01-25,Newlands,1,33.6,South Africa,West Indies,JA Rudolph,JH Kallis,RL Powell,1,0,,,,,,,,,
64862,2003/04,2004-01-25,Newlands,1,34.1,South Africa,West Indies,JA Rudolph,JH Kallis,CH Gayle,0,0,,,,,,,,,
64862,2003/04,2004-01-25,Newlands,1,34.2,South Africa,West Indies,JA Rudolph,JH Kallis,CH Gayle,0,0,,,,,,,,,
64862,2003/04,2004-01-25,Newlands,1,34.3,South Africa,West Indies,JA Rudolph,JH Kallis,CH Gayle,0,0,,,,,,,,,
64862,2003/04,2004-01-25,Newlands,1,34.4,South Africa,West Indies,JA Rudolph,JH Kallis,CH Gayle,0,0,,,,,,,,,
64862,2003/04,2004-01-25,Newlands,1,34.5,South Africa,West Indies,JA Rudolph,JH Kallis,CH Gayle,1,0,,,,,,,,,
64862,2003/04,2004-01-25,Newlands,1,34.6,South Africa,West Indies,JH Kallis,JA Rudolph,CH Gayle,2,0,,,,,,,,,
64862,2003/04,2004-01-25,Newlands,1,35.1,South Africa,West Indies,JA Rudolph,JH Kallis,RL Powell,4,0,,,,,,,,,
64862,2003/04,2004-01-25,Newlands,1,35.2,South Africa,West Indies,JA Rudolph,JH Kallis,RL Powell,0,0,,,,,,,,,
64862,2003/04,2004-01-25,Newlands,1,35.3,South Africa,West Indies,JA Rudolph,JH Kallis,RL Powell,1,0,,,,,,,,,
64862,2003/04,2004-01-25,Newlands,1,35.4,South Africa,West Indies,JH Kallis,JA Rudolph,RL Powell,1,0,,,,,,,,,
64862,2003/04,2004-01-25,Newlands,1,35.5,South Africa,West Indies,JA Rudolph,JH Kallis,RL Powell,0,0,,,,,,,,,
64862,2003/04,2004-01-25,Newlands,1,35.6,South Africa,West Indies,JA Rudolph,JH Kallis,RL Powell,1,0,,,,,,,,,
64862,2003/04,2004-01-25,Newlands,1,36.1,South Africa,West Indies,JA Rudolph,JH Kallis,CH Gayle,1,0,,,,,,,,,
64862,2003/04,2004-01-25,Newlands,1,36.2,South Africa,West Indies,JH Kallis,JA Rudolph,CH Gayle,1,0,,,,,,,,,
64862,2003/04,2004-01-25,Newlands,1,36.3,South Africa,West Indies,JA Rudolph,JH Kallis,CH Gayle,0,0,,,,,,,,,
64862,2003/04,2004-01-25,Newlands,1,36.4,South Africa,West Indies,JA Rudolph,JH Kallis,CH Gayle,0,0,,,,,,,,,
64862,2003/04,2004-01-25,Newlands,1,36.5,South Africa,West Indies,JA Rudolph,JH Kallis,CH Gayle,0,0,,,,,,,,,
64862,2003/04,2004-01-25,Newlands,1,36.6,South Africa,West Indies,JA Rudolph,JH Kallis,CH Gayle,1,0,,,,,,,,,
64862,2003/04,2004-01-25,Newlands,1,37.1,South Africa,West Indies,JA Rudolph,JH Kallis,RL Powell,1,0,,,,,,,,,
64862,2003/04,2004-01-25,Newlands,1,37.2,South Africa,West Indies,JH Kallis,JA Rudolph,RL Powell,6,0,,,,,,,,,
64862,2003/04,2004-01-25,Newlands,1,37.3,South Africa,West Indies,JH Kallis,JA Rudolph,RL Powell,1,0,,,,,,,,,
64862,2003/04,2004-01-25,Newlands,1,37.4,South Africa,West Indies,JA Rudolph,JH Kallis,RL Powell,0,0,,,,,,,,,
64862,2003/04,2004-01-25,Newlands,1,37.5,South Africa,West Indies,JA Rudolph,JH Kallis,RL Powell,0,1,1,,,,,,,,
64862,2003/04,2004-01-25,Newlands,1,37.6,South Africa,West Indies,JA Rudolph,JH Kallis,RL Powell,4,0,,,,,,,,,
64862,2003/04,2004-01-25,Newlands,1,37.7,South Africa,West Indies,JA Rudolph,JH Kallis,RL Powell,0,0,,,,,,,,,
64862,2003/04,2004-01-25,Newlands,1,38.1,South Africa,West Indies,JH Kallis,JA Rudolph,CH Gayle,1,0,,,,,,,,,
64862,2003/04,2004-01-25,Newlands,1,38.2,South Africa,West Indies,JA Rudolph,JH Kallis,CH Gayle,0,0,,,,,,,,,
64862,2003/04,2004-01-25,Newlands,1,38.3,South Africa,West Indies,JA Rudolph,JH Kallis,CH Gayle,4,0,,,,,,,,,
64862,2003/04,2004-01-25,Newlands,1,38.4,South Africa,West Indies,JA Rudolph,JH Kallis,CH Gayle,2,0,,,,,,,,,
64862,2003/04,2004-01-25,Newlands,1,38.5,South Africa,West Indies,JA Rudolph,JH Kallis,CH Gayle,1,0,,,,,,,,,
64862,2003/04,2004-01-25,Newlands,1,38.6,South Africa,West Indies,JH Kallis,JA Rudolph,CH Gayle,0,0,,,,,,,,,
64862,2003/04,2004-01-25,Newlands,1,39.1,South Africa,West Indies,JA Rudolph,JH Kallis,VC Drakes,1,0,,,,,,,,,
64862,2003/04,2004-01-25,Newlands,1,39.2,South Africa,West Indies,JH Kallis,JA Rudolph,VC Drakes,4,0,,,,,,,,,
64862,2003/04,2004-01-25,Newlands,1,39.3,South Africa,West Indies,JH Kallis,JA Rudolph,VC Drakes,1,0,,,,,,,,,
64862,2003/04,2004-01-25,Newlands,1,39.4,South Africa,West Indies,JA Rudolph,JH Kallis,VC Drakes,1,0,,,,,,,,,
64862,2003/04,2004-01-25,Newlands,1,39.5,South Africa,West Indies,JH Kallis,JA Rudolph,VC Drakes,0,0,,,,,,,,,
64862,2003/04,2004-01-25,Newlands,1,39.6,South Africa,West Indies,JH Kallis,JA Rudolph,VC Drakes,1,0,,,,,,,,,
64862,2003/04,2004-01-25,Newlands,1,40.1,South Africa,West Indies,JH Kallis,JA Rudolph,M Dillon,4,0,,,,,,,,,
64862,2003/04,2004-01-25,Newlands,1,40.2,South Africa,West Indies,JH Kallis,JA Rudolph,M Dillon,4,0,,,,,,,,,
64862,2003/04,2004-01-25,Newlands,1,40.3,South Africa,West Indies,JH Kallis,JA Rudolph,M Dillon,1,0,,,,,,,,,
64862,2003/04,2004-01-25,Newlands,1,40.4,South Africa,West Indies,JA Rudolph,JH Kallis,M Dillon,0,0,,,,,,,,,
64862,2003/04,2004-01-25,Newlands,1,40.5,South Africa,West Indies,JA Rudolph,JH Kallis,M Dillon,4,0,,,,,,,,,
64862,2003/04,2004-01-25,Newlands,1,40.6,South Africa,West Indies,JA Rudolph,JH Kallis,M Dillon,1,0,,,,,,,,,
64862,2003/04,2004-01-25,Newlands,1,41.1,South Africa,West Indies,JA Rudolph,JH Kallis,VC Drakes,0,0,,,,,,,,,
64862,2003/04,2004-01-25,Newlands,1,41.2,South Africa,West Indies,JA Rudolph,JH Kallis,VC Drakes,1,0,,,,,,,,,
64862,2003/04,2004-01-25,Newlands,1,41.3,South Africa,West Indies,JH Kallis,JA Rudolph,VC Drakes,1,0,,,,,,,,,
64862,2003/04,2004-01-25,Newlands,1,41.4,South Africa,West Indies,JA Rudolph,JH Kallis,VC Drakes,0,0,,,,,,,,,
64862,2003/04,2004-01-25,Newlands,1,41.5,South Africa,West Indies,JA Rudolph,JH Kallis,VC Drakes,0,0,,,,,,,,,
64862,2003/04,2004-01-25,Newlands,1,41.6,South Africa,West Indies,JA Rudolph,JH Kallis,VC Drakes,4,0,,,,,,,,,
64862,2003/04,2004-01-25,Newlands,1,42.1,South Africa,West Indies,JH Kallis,JA Rudolph,RO Hurley,0,0,,,,,,,,,
64862,2003/04,2004-01-25,Newlands,1,42.2,South Africa,West Indies,JH Kallis,JA Rudolph,RO Hurley,0,0,,,,,,,,,
64862,2003/04,2004-01-25,Newlands,1,42.3,South Africa,West Indies,JH Kallis,JA Rudolph,RO Hurley,0,0,,,,,,,,,
64862,2003/04,2004-01-25,Newlands,1,42.4,South Africa,West Indies,JH Kallis,JA Rudolph,RO Hurley,1,0,,,,,,,,,
64862,2003/04,2004-01-25,Newlands,1,42.5,South Africa,West Indies,JA Rudolph,JH Kallis,RO Hurley,4,0,,,,,,,,,
64862,2003/04,2004-01-25,Newlands,1,42.6,South Africa,West Indies,JA Rudolph,JH Kallis,RO Hurley,4,0,,,,,,,,,
64862,2003/04,2004-01-25,Newlands,1,43.1,South Africa,West Indies,JH Kallis,JA Rudolph,VC Drakes,2,0,,,,,,,,,
64862,2003/04,2004-01-25,Newlands,1,43.2,South Africa,West Indies,JH Kallis,JA Rudolph,VC Drakes,0,0,,,,,,,,,
64862,2003/04,2004-01-25,Newlands,1,43.3,South Africa,West Indies,JH Kallis,JA Rudolph,VC Drakes,2,0,,,,,,,,,
64862,2003/04,2004-01-25,Newlands,1,43.4,South Africa,West Indies,JH Kallis,JA Rudolph,VC Drakes,2,0,,,,,,,,,
64862,2003/04,2004-01-25,Newlands,1,43.5,South Africa,West Indies,JH Kallis,JA Rudolph,VC Drakes,1,0,,,,,,,,,
64862,2003/04,2004-01-25,Newlands,1,43.6,South Africa,West Indies,JA Rudolph,JH Kallis,VC Drakes,1,0,,,,,,,,,
64862,2003/04,2004-01-25,Newlands,1,44.1,South Africa,West Indies,JA Rudolph,JH Kallis,RO Hurley,0,0,,,,,,,,,
64862,2003/04,2004-01-25,Newlands,1,44.2,South Africa,West Indies,JA Rudolph,JH Kallis,RO Hurley,1,0,,,,,,,,,
64862,2003/04,2004-01-25,Newlands,1,44.3,South Africa,West Indies,JH Kallis,JA Rudolph,RO Hurley,4,0,,,,,,,,,
64862,2003/04,2004-01-25,Newlands,1,44.4,South Africa,West Indies,JH Kallis,JA Rudolph,RO Hurley,0,0,,,,,,,,,
64862,2003/04,2004-01-25,Newlands,1,44.5,South Africa,West Indies,JH Kallis,JA Rudolph,RO Hurley,0,0,,,,,,,,,
64862,2003/04,2004-01-25,Newlands,1,44.6,South Africa,West Indies,JH Kallis,JA Rudolph,RO Hurley,0,0,,,,,,,,,
64862,2003/04,2004-01-25,Newlands,1,45.1,South Africa,West Indies,JA Rudolph,JH Kallis,VC Drakes,0,1,,,,1,,,,,
64862,2003/04,2004-01-25,Newlands,1,45.2,South Africa,West Indies,JH Kallis,JA Rudolph,VC Drakes,6,0,,,,,,,,,
64862,2003/04,2004-01-25,Newlands,1,45.3,South Africa,West Indies,JH Kallis,JA Rudolph,VC Drakes,6,0,,,,,,,,,
64862,2003/04,2004-01-25,Newlands,1,45.4,South Africa,West Indies,JH Kallis,JA Rudolph,VC Drakes,0,1,,1,,,,,,,
64862,2003/04,2004-01-25,Newlands,1,45.5,South Africa,West Indies,JH Kallis,JA Rudolph,VC Drakes,4,1,,1,,,,,,,
64862,2003/04,2004-01-25,Newlands,1,45.6,South Africa,West Indies,JH Kallis,JA Rudolph,VC Drakes,2,0,,,,,,,,,
64862,2003/04,2004-01-25,Newlands,1,45.7,South Africa,West Indies,JH Kallis,JA Rudolph,VC Drakes,1,0,,,,,,,,,
64862,2003/04,2004-01-25,Newlands,1,45.8,South Africa,West Indies,JA Rudolph,JH Kallis,VC Drakes,0,0,,,,,,,,,
64862,2003/04,2004-01-25,Newlands,1,46.1,South Africa,West Indies,JH Kallis,JA Rudolph,CH Gayle,0,0,,,,,,,,,
64862,2003/04,2004-01-25,Newlands,1,46.2,South Africa,West Indies,JH Kallis,JA Rudolph,CH Gayle,1,0,,,,,,,,,
64862,2003/04,2004-01-25,Newlands,1,46.3,South Africa,West Indies,JA Rudolph,JH Kallis,CH Gayle,0,0,,,,,,,,,
64862,2003/04,2004-01-25,Newlands,1,46.4,South Africa,West Indies,JA Rudolph,JH Kallis,CH Gayle,0,0,,,,,,,,,
64862,2003/04,2004-01-25,Newlands,1,46.5,South Africa,West Indies,JA Rudolph,JH Kallis,CH Gayle,1,0,,,,,,,,,
64862,2003/04,2004-01-25,Newlands,1,46.6,South Africa,West Indies,JH Kallis,JA Rudolph,CH Gayle,1,0,,,,,,,,,
64862,2003/04,2004-01-25,Newlands,1,47.1,South Africa,West Indies,JH Kallis,JA Rudolph,CD Collymore,1,0,,,,,,,,,
64862,2003/04,2004-01-25,Newlands,1,47.2,South Africa,West Indies,JA Rudolph,JH Kallis,CD Collymore,0,0,,,,,,,,,
64862,2003/04,2004-01-25,Newlands,1,47.3,South Africa,West Indies,JA Rudolph,JH Kallis,CD Collymore,1,0,,,,,,,,,
64862,2003/04,2004-01-25,Newlands,1,47.4,South Africa,West Indies,JH Kallis,JA Rudolph,CD Collymore,6,0,,,,,,,,,
64862,2003/04,2004-01-25,Newlands,1,47.5,South Africa,West Indies,JH Kallis,JA Rudolph,CD Collymore,1,0,,,,,,,,,
64862,2003/04,2004-01-25,Newlands,1,47.6,South Africa,West Indies,JA Rudolph,JH Kallis,CD Collymore,1,0,,,,,,,,,
64862,2003/04,2004-01-25,Newlands,1,48.1,South Africa,West Indies,JA Rudolph,JH Kallis,CH Gayle,0,0,,,,,,,,,
64862,2003/04,2004-01-25,Newlands,1,48.2,South Africa,West Indies,JA Rudolph,JH Kallis,CH Gayle,1,0,,,,,,,,,
64862,2003/04,2004-01-25,Newlands,1,48.3,South Africa,West Indies,JH Kallis,JA Rudolph,CH Gayle,6,0,,,,,,,,,
64862,2003/04,2004-01-25,Newlands,1,48.4,South Africa,West Indies,JH Kallis,JA Rudolph,CH Gayle,0,0,,,,,,,,,
64862,2003/04,2004-01-25,Newlands,1,48.5,South Africa,West Indies,JH Kallis,JA Rudolph,CH Gayle,1,0,,,,,,,,,
64862,2003/04,2004-01-25,Newlands,1,48.6,South Africa,West Indies,JA Rudolph,JH Kallis,CH Gayle,0,0,,,,,,,,,
64862,2003/04,2004-01-25,Newlands,1,49.1,South Africa,West Indies,JH Kallis,JA Rudolph,CD Collymore,0,0,,,,,,,,,
64862,2003/04,2004-01-25,Newlands,1,49.2,South Africa,West Indies,JH Kallis,JA Rudolph,CD Collymore,1,0,,,,,,,,,
64862,2003/04,2004-01-25,Newlands,1,49.3,South Africa,West Indies,JA Rudolph,JH Kallis,CD Collymore,1,0,,,,,,,,,
64862,2003/04,2004-01-25,Newlands,1,49.4,South Africa,West Indies,JH Kallis,JA Rudolph,CD Collymore,4,0,,,,,,,,,
64862,2003/04,2004-01-25,Newlands,1,49.5,South Africa,West Indies,JH Kallis,JA Rudolph,CD Collymore,2,0,,,,,,,,,
64862,2003/04,2004-01-25,Newlands,1,49.6,South Africa,West Indies,JH Kallis,JA Rudolph,CD Collymore,2,0,,,,,,,,,
64862,2003/04,2004-01-25,Newlands,2,0.1,West Indies,South Africa,CH Gayle,S Chanderpaul,SM Pollock,0,0,,,,,,,,,
64862,2003/04,2004-01-25,Newlands,2,0.2,West Indies,South Africa,CH Gayle,S Chanderpaul,SM Pollock,0,0,,,,,,,,,
64862,2003/04,2004-01-25,Newlands,2,0.3,West Indies,South Africa,CH Gayle,S Chanderpaul,SM Pollock,0,0,,,,,,,,,
64862,2003/04,2004-01-25,Newlands,2,0.4,West Indies,South Africa,CH Gayle,S Chanderpaul,SM Pollock,0,0,,,,,,,,,
64862,2003/04,2004-01-25,Newlands,2,0.5,West Indies,South Africa,CH Gayle,S Chanderpaul,SM Pollock,0,0,,,,,,,,,
64862,2003/04,2004-01-25,Newlands,2,0.6,West Indies,South Africa,CH Gayle,S Chanderpaul,SM Pollock,0,0,,,,,,,,,
64862,2003/04,2004-01-25,Newlands,2,1.1,West Indies,South Africa,S Chanderpaul,CH Gayle,A Nel,0,0,,,,,,,,,
64862,2003/04,2004-01-25,Newlands,2,1.2,West Indies,South Africa,S Chanderpaul,CH Gayle,A Nel,0,0,,,,,,,,,
64862,2003/04,2004-01-25,Newlands,2,1.3,West Indies,South Africa,S Chanderpaul,CH Gayle,A Nel,0,0,,,,,,,,,
64862,2003/04,2004-01-25,Newlands,2,1.4,West Indies,South Africa,S Chanderpaul,CH Gayle,A Nel,1,0,,,,,,,,,
64862,2003/04,2004-01-25,Newlands,2,1.5,West Indies,South Africa,CH Gayle,S Chanderpaul,A Nel,0,0,,,,,,,,,
64862,2003/04,2004-01-25,Newlands,2,1.6,West Indies,South Africa,CH Gayle,S Chanderpaul,A Nel,0,0,,,,,,,,,
64862,2003/04,2004-01-25,Newlands,2,2.1,West Indies,South Africa,S Chanderpaul,CH Gayle,SM Pollock,4,0,,,,,,,,,
64862,2003/04,2004-01-25,Newlands,2,2.2,West Indies,South Africa,S Chanderpaul,CH Gayle,SM Pollock,0,0,,,,,,,,,
64862,2003/04,2004-01-25,Newlands,2,2.3,West Indies,South Africa,S Chanderpaul,CH Gayle,SM Pollock,0,0,,,,,,,,,
64862,2003/04,2004-01-25,Newlands,2,2.4,West Indies,South Africa,S Chanderpaul,CH Gayle,SM Pollock,0,0,,,,,,,,,
64862,2003/04,2004-01-25,Newlands,2,2.5,West Indies,South Africa,S Chanderpaul,CH Gayle,SM Pollock,0,0,,,,,,,,,
64862,2003/04,2004-01-25,Newlands,2,2.6,West Indies,South Africa,S Chanderpaul,CH Gayle,SM Pollock,0,0,,,,,,,,,
64862,2003/04,2004-01-25,Newlands,2,3.1,West Indies,South Africa,CH Gayle,S Chanderpaul,A Nel,4,0,,,,,,,,,
64862,2003/04,2004-01-25,Newlands,2,3.2,West Indies,South Africa,CH Gayle,S Chanderpaul,A Nel,0,0,,,,,,,,,
64862,2003/04,2004-01-25,Newlands,2,3.3,West Indies,South Africa,CH Gayle,S Chanderpaul,A Nel,0,0,,,,,,,,,
64862,2003/04,2004-01-25,Newlands,2,3.4,West Indies,South Africa,CH Gayle,S Chanderpaul,A Nel,0,0,,,,,,,,,
64862,2003/04,2004-01-25,Newlands,2,3.5,West Indies,South Africa,CH Gayle,S Chanderpaul,A Nel,0,0,,,,,,,,,
64862,2003/04,2004-01-25,Newlands,2,3.6,West Indies,South Africa,CH Gayle,S Chanderpaul,A Nel,0,0,,,,,,,,,
64862,2003/04,2004-01-25,Newlands,2,4.1,West Indies,South Africa,S Chanderpaul,CH Gayle,SM Pollock,0,0,,,,,,,,,
64862,2003/04,2004-01-25,Newlands,2,4.2,West Indies,South Africa,S Chanderpaul,CH Gayle,SM Pollock,0,0,,,,,,,,,
64862,2003/04,2004-01-25,Newlands,2,4.3,West Indies,South Africa,S Chanderpaul,CH Gayle,SM Pollock,1,0,,,,,,,,,
64862,2003/04,2004-01-25,Newlands,2,4.4,West Indies,South Africa,CH Gayle,S Chanderpaul,SM Pollock,0,0,,,,,,caught,CH Gayle,,
64862,2003/04,2004-01-25,Newlands,2,4.5,West Indies,South Africa,BC Lara,S Chanderpaul,SM Pollock,0,0,,,,,,,,,
64862,2003/04,2004-01-25,Newlands,2,4.6,West Indies,South Africa,BC Lara,S Chanderpaul,SM Pollock,0,0,,,,,,,,,
64862,2003/04,2004-01-25,Newlands,2,5.1,West Indies,South Africa,S Chanderpaul,BC Lara,A Nel,0,0,,,,,,,,,
64862,2003/04,2004-01-25,Newlands,2,5.2,West Indies,South Africa,S Chanderpaul,BC Lara,A Nel,0,0,,,,,,,,,
64862,2003/04,2004-01-25,Newlands,2,5.3,West Indies,South Africa,S Chanderpaul,BC Lara,A Nel,0,0,,,,,,,,,
64862,2003/04,2004-01-25,Newlands,2,5.4,West Indies,South Africa,S Chanderpaul,BC Lara,A Nel,0,1,1,,,,,,,,
64862,2003/04,2004-01-25,Newlands,2,5.5,West Indies,South Africa,S Chanderpaul,BC Lara,A Nel,1,0,,,,,,,,,
64862,2003/04,2004-01-25,Newlands,2,5.6,West Indies,South Africa,BC Lara,S Chanderpaul,A Nel,0,0,,,,,,,,,
64862,2003/04,2004-01-25,Newlands,2,5.7,West Indies,South Africa,BC Lara,S Chanderpaul,A Nel,0,0,,,,,,,,,
64862,2003/04,2004-01-25,Newlands,2,6.1,West Indies,South Africa,S Chanderpaul,BC Lara,SM Pollock,0,0,,,,,,,,,
64862,2003/04,2004-01-25,Newlands,2,6.2,West Indies,South Africa,S Chanderpaul,BC Lara,SM Pollock,0,0,,,,,,,,,
64862,2003/04,2004-01-25,Newlands,2,6.3,West Indies,South Africa,S Chanderpaul,BC Lara,SM Pollock,0,0,,,,,,,,,
64862,2003/04,2004-01-25,Newlands,2,6.4,West Indies,South Africa,S Chanderpaul,BC Lara,SM Pollock,0,0,,,,,,,,,
64862,2003/04,2004-01-25,Newlands,2,6.5,West Indies,South Africa,S Chanderpaul,BC Lara,SM Pollock,0,0,,,,,,,,,
64862,2003/04,2004-01-25,Newlands,2,6.6,West Indies,South Africa,S Chanderpaul,BC Lara,SM Pollock,0,0,,,,,,,,,
64862,2003/04,2004-01-25,Newlands,2,7.1,West Indies,South Africa,BC Lara,S Chanderpaul,A Nel,0,0,,,,,,,,,
64862,2003/04,2004-01-25,Newlands,2,7.2,West Indies,South Africa,BC Lara,S Chanderpaul,A Nel,0,0,,,,,,,,,
64862,2003/04,2004-01-25,Newlands,2,7.3,West Indies,South Africa,BC Lara,S Chanderpaul,A Nel,0,0,,,,,,,,,
64862,2003/04,2004-01-25,Newlands,2,7.4,West Indies,South Africa,BC Lara,S Chanderpaul,A Nel,0,0,,,,,,,,,
64862,2003/04,2004-01-25,Newlands,2,7.5,West Indies,South Africa,BC Lara,S Chanderpaul,A Nel,1,0,,,,,,,,,
64862,2003/04,2004-01-25,Newlands,2,7.6,West Indies,South Africa,S Chanderpaul,BC Lara,A Nel,0,0,,,,,,,,,
64862,2003/04,2004-01-25,Newlands,2,8.1,West Indies,South Africa,BC Lara,S Chanderpaul,SM Pollock,0,0,,,,,,,,,
64862,2003/04,2004-01-25,Newlands,2,8.2,West Indies,South Africa,BC Lara,S Chanderpaul,SM Pollock,1,0,,,,,,,,,
64862,2003/04,2004-01-25,Newlands,2,8.3,West Indies,South Africa,S Chanderpaul,BC Lara,SM Pollock,0,0,,,,,,,,,
64862,2003/04,2004-01-25,Newlands,2,8.4,West Indies,South Africa,S Chanderpaul,BC Lara,SM Pollock,0,0,,,,,,,,,
64862,2003/04,2004-01-25,Newlands,2,8.5,West Indies,South Africa,S Chanderpaul,BC Lara,SM Pollock,2,0,,,,,,,,,
64862,2003/04,2004-01-25,Newlands,2,8.6,West Indies,South Africa,S Chanderpaul,BC Lara,SM Pollock,0,0,,,,,,,,,
64862,2003/04,2004-01-25,Newlands,2,9.1,West Indies,South Africa,BC Lara,S Chanderpaul,A Nel,0,0,,,,,,,,,
64862,2003/04,2004-01-25,Newlands,2,9.2,West Indies,South Africa,BC Lara,S Chanderpaul,A Nel,0,0,,,,,,,,,
64862,2003/04,2004-01-25,Newlands,2,9.3,West Indies,South Africa,BC Lara,S Chanderpaul,A Nel,0,0,,,,,,,,,
64862,2003/04,2004-01-25,Newlands,2,9.4,West Indies,South Africa,BC Lara,S Chanderpaul,A Nel,0,0,,,,,,,,,
64862,2003/04,2004-01-25,Newlands,2,9.5,West Indies,South Africa,BC Lara,S Chanderpaul,A Nel,0,0,,,,,,lbw,BC Lara,,
64862,2003/04,2004-01-25,Newlands,2,9.6,West Indies,South Africa,RR Sarwan,S Chanderpaul,A Nel,0,0,,,,,,,,,
64862,2003/04,2004-01-25,Newlands,2,10.1,West Indies,South Africa,S Chanderpaul,RR Sarwan,SM Pollock,0,0,,,,,,,,,
64862,2003/04,2004-01-25,Newlands,2,10.2,West Indies,South Africa,S Chanderpaul,RR Sarwan,SM Pollock,1,0,,,,,,,,,
64862,2003/04,2004-01-25,Newlands,2,10.3,West Indies,South Africa,RR Sarwan,S Chanderpaul,SM Pollock,0,0,,,,,,,,,
64862,2003/04,2004-01-25,Newlands,2,10.4,West Indies,South Africa,RR Sarwan,S Chanderpaul,SM Pollock,0,0,,,,,,,,,
64862,2003/04,2004-01-25,Newlands,2,10.5,West Indies,South Africa,RR Sarwan,S Chanderpaul,SM Pollock,0,0,,,,,,,,,
64862,2003/04,2004-01-25,Newlands,2,10.6,West Indies,South Africa,RR Sarwan,S Chanderpaul,SM Pollock,0,0,,,,,,,,,
64862,2003/04,2004-01-25,Newlands,2,11.1,West Indies,South Africa,S Chanderpaul,RR Sarwan,A Nel,0,0,,,,,,,,,
64862,2003/04,2004-01-25,Newlands,2,11.2,West Indies,South Africa,S Chanderpaul,RR Sarwan,A Nel,0,0,,,,,,,,,
64862,2003/04,2004-01-25,Newlands,2,11.3,West Indies,South Africa,S Chanderpaul,RR Sarwan,A Nel,4,0,,,,,,,,,
64862,2003/04,2004-01-25,Newlands,2,11.4,West Indies,South Africa,S Chanderpaul,RR Sarwan,A Nel,0,0,,,,,,caught,S Chanderpaul,,
64862,2003/04,2004-01-25,Newlands,2,11.5,West Indies,South Africa,RL Powell,RR Sarwan,A Nel,0,1,1,,,,,,,,
64862,2003/04,2004-01-25,Newlands,2,11.6,West Indies,South Africa,RL Powell,RR Sarwan,A Nel,1,0,,,,,,,,,
64862,2003/04,2004-01-25,Newlands,2,11.7,West Indies,South Africa,RR Sarwan,RL Powell,A Nel,4,0,,,,,,,,,
64862,2003/04,2004-01-25,Newlands,2,12.1,West Indies,South Africa,RL Powell,RR Sarwan,M Ntini,0,0,,,,,,,,,
64862,2003/04,2004-01-25,Newlands,2,12.2,West Indies,South Africa,RL Powell,RR Sarwan,M Ntini,4,0,,,,,,,,,
64862,2003/04,2004-01-25,Newlands,2,12.3,West Indies,South Africa,RL Powell,RR Sarwan,M Ntini,0,0,,,,,,,,,
64862,2003/04,2004-01-25,Newlands,2,12.4,West Indies,South Africa,RL Powell,RR Sarwan,M Ntini,1,0,,,,,,,,,
64862,2003/04,2004-01-25,Newlands,2,12.5,West Indies,South Africa,RR Sarwan,RL Powell,M Ntini,0,0,,,,,,,,,
64862,2003/04,2004-01-25,Newlands,2,12.6,West Indies,South Africa,RR Sarwan,RL Powell,M Ntini,0,0,,,,,,,,,
64862,2003/04,2004-01-25,Newlands,2,13.1,West Indies,South Africa,RL Powell,RR Sarwan,L Klusener,0,0,,,,,,,,,
64862,2003/04,2004-01-25,Newlands,2,13.2,West Indies,South Africa,RL Powell,RR Sarwan,L Klusener,6,0,,,,,,,,,
64862,2003/04,2004-01-25,Newlands,2,13.3,West Indies,South Africa,RL Powell,RR Sarwan,L Klusener,0,0,,,,,,,,,
64862,2003/04,2004-01-25,Newlands,2,13.4,West Indies,South Africa,RL Powell,RR Sarwan,L Klusener,0,0,,,,,,caught,RL Powell,,
64862,2003/04,2004-01-25,Newlands,2,13.5,West Indies,South Africa,DR Smith,RR Sarwan,L Klusener,0,0,,,,,,,,,
64862,2003/04,2004-01-25,Newlands,2,13.6,West Indies,South Africa,DR Smith,RR Sarwan,L Klusener,0,0,,,,,,,,,
64862,2003/04,2004-01-25,Newlands,2,14.1,West Indies,South Africa,RR Sarwan,DR Smith,M Ntini,0,0,,,,,,,,,
64862,2003/04,2004-01-25,Newlands,2,14.2,West Indies,South Africa,RR Sarwan,DR Smith,M Ntini,1,0,,,,,,,,,
64862,2003/04,2004-01-25,Newlands,2,14.3,West Indies,South Africa,DR Smith,RR Sarwan,M Ntini,0,0,,,,,,,,,
64862,2003/04,2004-01-25,Newlands,2,14.4,West Indies,South Africa,DR Smith,RR Sarwan,M Ntini,0,0,,,,,,,,,
64862,2003/04,2004-01-25,Newlands,2,14.5,West Indies,South Africa,DR Smith,RR Sarwan,M Ntini,1,0,,,,,,,,,
64862,2003/04,2004-01-25,Newlands,2,14.6,West Indies,South Africa,RR Sarwan,DR Smith,M Ntini,0,0,,,,,,,,,
64862,2003/04,2004-01-25,Newlands,2,15.1,West Indies,South Africa,DR Smith,RR Sarwan,L Klusener,0,0,,,,,,,,,
64862,2003/04,2004-01-25,Newlands,2,15.2,West Indies,South Africa,DR Smith,RR Sarwan,L Klusener,0,0,,,,,,,,,
64862,2003/04,2004-01-25,Newlands,2,15.3,West Indies,South Africa,DR Smith,RR Sarwan,L Klusener,0,0,,,,,,caught,DR Smith,,
64862,2003/04,2004-01-25,Newlands,2,15.4,West Indies,South Africa,RD Jacobs,RR Sarwan,L Klusener,0,0,,,,,,,,,
64862,2003/04,2004-01-25,Newlands,2,15.5,West Indies,South Africa,RD Jacobs,RR Sarwan,L Klusener,0,0,,,,,,,,,
64862,2003/04,2004-01-25,Newlands,2,15.6,West Indies,South Africa,RD Jacobs,RR Sarwan,L Klusener,0,0,,,,,,,,,
64862,2003/04,2004-01-25,Newlands,2,16.1,West Indies,South Africa,RR Sarwan,RD Jacobs,M Ntini,0,0,,,,,,lbw,RR Sarwan,,
64862,2003/04,2004-01-25,Newlands,2,16.2,West Indies,South Africa,RO Hurley,RD Jacobs,M Ntini,0,0,,,,,,,,,
64862,2003/04,2004-01-25,Newlands,2,16.3,West Indies,South Africa,RO Hurley,RD Jacobs,M Ntini,1,0,,,,,,,,,
64862,2003/04,2004-01-25,Newlands,2,16.4,West Indies,South Africa,RD Jacobs,RO Hurley,M Ntini,1,0,,,,,,,,,
64862,2003/04,2004-01-25,Newlands,2,16.5,West Indies,South Africa,RO Hurley,RD Jacobs,M Ntini,0,0,,,,,,,,,
64862,2003/04,2004-01-25,Newlands,2,16.6,West Indies,South Africa,RO Hurley,RD Jacobs,M Ntini,1,0,,,,,,,,,
64862,2003/04,2004-01-25,Newlands,2,17.1,West Indies,South Africa,RO Hurley,RD Jacobs,L Klusener,0,0,,,,,,,,,
64862,2003/04,2004-01-25,Newlands,2,17.2,West Indies,South Africa,RO Hurley,RD Jacobs,L Klusener,0,0,,,,,,,,,
64862,2003/04,2004-01-25,Newlands,2,17.3,West Indies,South Africa,RO Hurley,RD Jacobs,L Klusener,0,0,,,,,,caught,RO Hurley,,
64862,2003/04,2004-01-25,Newlands,2,17.4,West Indies,South Africa,VC Drakes,RD Jacobs,L Klusener,0,0,,,,,,,,,
64862,2003/04,2004-01-25,Newlands,2,17.5,West Indies,South Africa,VC Drakes,RD Jacobs,L Klusener,0,0,,,,,,,,,
64862,2003/04,2004-01-25,Newlands,2,17.6,West Indies,South Africa,VC Drakes,RD Jacobs,L Klusener,0,0,,,,,,,,,
64862,2003/04,2004-01-25,Newlands,2,18.1,West Indies,South Africa,RD Jacobs,VC Drakes,M Ntini,0,0,,,,,,,,,
64862,2003/04,2004-01-25,Newlands,2,18.2,West Indies,South Africa,RD Jacobs,VC Drakes,M Ntini,2,0,,,,,,,,,
64862,2003/04,2004-01-25,Newlands,2,18.3,West Indies,South Africa,RD Jacobs,VC Drakes,M Ntini,0,0,,,,,,,,,
64862,2003/04,2004-01-25,Newlands,2,18.4,West Indies,South Africa,RD Jacobs,VC Drakes,M Ntini,2,0,,,,,,,,,
64862,2003/04,2004-01-25,Newlands,2,18.5,West Indies,South Africa,RD Jacobs,VC Drakes,M Ntini,0,0,,,,,,,,,
64862,2003/04,2004-01-25,Newlands,2,18.6,West Indies,South Africa,RD Jacobs,VC Drakes,M Ntini,0,0,,,,,,,,,
64862,2003/04,2004-01-25,Newlands,2,19.1,West Indies,South Africa,VC Drakes,RD Jacobs,L Klusener,0,0,,,,,,,,,
64862,2003/04,2004-01-25,Newlands,2,19.2,West Indies,South Africa,VC Drakes,RD Jacobs,L Klusener,0,0,,,,,,,,,
64862,2003/04,2004-01-25,Newlands,2,19.3,West Indies,South Africa,VC Drakes,RD Jacobs,L Klusener,0,1,,1,,,,,,,
64862,2003/04,2004-01-25,Newlands,2,19.4,West Indies,South Africa,VC Drakes,RD Jacobs,L Klusener,0,0,,,,,,,,,
64862,2003/04,2004-01-25,Newlands,2,19.5,West Indies,South Africa,VC Drakes,RD Jacobs,L Klusener,0,0,,,,,,,,,
64862,2003/04,2004-01-25,Newlands,2,19.6,West Indies,South Africa,VC Drakes,RD Jacobs,L Klusener,0,0,,,,,,,,,
64862,2003/04,2004-01-25,Newlands,2,19.7,West Indies,South Africa,VC Drakes,RD Jacobs,L Klusener,1,0,,,,,,,,,
64862,2003/04,2004-01-25,Newlands,2,20.1,West Indies,South Africa,VC Drakes,RD Jacobs,M Ntini,0,0,,,,,,,,,
64862,2003/04,2004-01-25,Newlands,2,20.2,West Indies,South Africa,VC Drakes,RD Jacobs,M Ntini,0,0,,,,,,,,,
64862,2003/04,2004-01-25,Newlands,2,20.3,West Indies,South Africa,VC Drakes,RD Jacobs,M Ntini,0,0,,,,,,,,,
64862,2003/04,2004-01-25,Newlands,2,20.4,West Indies,South Africa,VC Drakes,RD Jacobs,M Ntini,0,0,,,,,,,,,
64862,2003/04,2004-01-25,Newlands,2,20.5,West Indies,South Africa,VC Drakes,RD Jacobs,M Ntini,0,0,,,,,,caught,VC Drakes,,
64862,2003/04,2004-01-25,Newlands,2,20.6,West Indies,South Africa,M Dillon,RD Jacobs,M Ntini,0,0,,,,,,,,,
64862,2003/04,2004-01-25,Newlands,2,21.1,West Indies,South Africa,RD Jacobs,M Dillon,L Klusener,0,0,,,,,,,,,
64862,2003/04,2004-01-25,Newlands,2,21.2,West Indies,South Africa,RD Jacobs,M Dillon,L Klusener,1,0,,,,,,,,,
64862,2003/04,2004-01-25,Newlands,2,21.3,West Indies,South Africa,M Dillon,RD Jacobs,L Klusener,0,0,,,,,,,,,
64862,2003/04,2004-01-25,Newlands,2,21.4,West Indies,South Africa,M Dillon,RD Jacobs,L Klusener,0,1,,,,1,,,,,
64862,2003/04,2004-01-25,Newlands,2,21.5,West Indies,South Africa,RD Jacobs,M Dillon,L Klusener,0,0,,,,,,,,,
64862,2003/04,2004-01-25,Newlands,2,21.6,West Indies,South Africa,RD Jacobs,M Dillon,L Klusener,0,0,,,,,,,,,
64862,2003/04,2004-01-25,Newlands,2,22.1,West Indies,South Africa,M Dillon,RD Jacobs,M Ntini,1,0,,,,,,,,,
64862,2003/04,2004-01-25,Newlands,2,22.2,West Indies,South Africa,RD Jacobs,M Dillon,M Ntini,0,0,,,,,,,,,
64862,2003/04,2004-01-25,Newlands,2,22.3,West Indies,South Africa,RD Jacobs,M Dillon,M Ntini,0,1,,,,1,,,,,
64862,2003/04,2004-01-25,Newlands,2,22.4,West Indies,South Africa,M Dillon,RD Jacobs,M Ntini,0,0,,,,,,caught,M Dillon,,
64862,2003/04,2004-01-25,Newlands,2,22.5,West Indies,South Africa,CD Collymore,RD Jacobs,M Ntini,0,1,,,,1,,,,,
64862,2003/04,2004-01-25,Newlands,2,22.6,West Indies,South Africa,RD Jacobs,CD Collymore,M Ntini,0,0,,,,,,,,,
64862,2003/04,2004-01-25,Newlands,2,23.1,West Indies,South Africa,CD Collymore,RD Jacobs,L Klusener,0,0,,,,,,,,,
64862,2003/04,2004-01-25,Newlands,2,23.2,West Indies,South Africa,CD Collymore,RD Jacobs,L Klusener,0,0,,,,,,run out,CD Collymore,,
